sequence,prediction
ataccggtgagcttttctgcttccgtttcgtttggcgtaataatgtccac,6.9069605
tcgacgcatttttagacaggcagaggtgacgcttggctacaatgaaagat,7.4144726
tactccgattctgatggaacgcggttcggcttagatttacgctgtctttt,6.9619675
ccagcaatggctatatggatgctgatcttgccgttgtttatattagggat,6.763899
caggtaggatttggttatcaggcgtttattgctggctgtatgatggcacc,7.1715736
atatccccataggtattgcgggccttctttacgcgcgcaaacatatgccc,7.554798
cggcgaaagttctcttttaatgccgccatttcggccattaacgtattgag,6.8612547
ttctggctgagaagctggcgcaacggatcttaaaaggtgaatatgaaccc,6.8022337
agtgtgattacggttgcaaaaacggcaaattgcttgttttatggcacatt,6.7618475
aagcaaaaataaatgcttgactctgtagcgggaaagcgtattatgcacac,7.130844
cctgatacagattaaatcagaacgcagaagcggtctgatgaaacagaatt,7.025551
tcacgcagggggtcgcgggttcgagtcccgtccgttccgccaccctaatt,7.008999
gcgatcttttgaaaattaacgtgctggatgaagtgtattaatatgaatgg,6.8466806
ccagttctgctgaactggcacagcaacagattgcgatgcttaatggttgc,6.8170605
taattatctgcgacttgagtgggggccagattttcaacagcatgaggcag,7.1082525
ctgactactaaattcgtccattttgggcgcttcagtggtaataagaagat,7.2795677
agtattagttacgcttgacagagtgtaaaacaaaacatttaaatcataac,6.9919367
ttctttgaccgagctagttatggcgcggagtattagttacgcttgacaga,6.485276
caaaattatttgtcgttatgatttaaatgttttgttttacactctgtcaa,6.7451925
ttgatggtgaaatcaccatgacgagagaatccacgtggataatgtttatt,6.8346167
ataaccatgacgctcaagcagttgtgcctctttgatggtgaaatcaccat,7.2114286
aagggtgtgaaaacgttttggacgcttaatacgcgtcatatacttggacc,6.966633
gcctggcagcggttattgaaagttgcacgaaccattgctgatattgatca,6.8352985
tcgatagctaactgcctcctgcaaatgctgacgtgtgataatgtcagact,6.8930387
gtgctttttcttgatgagctacctgaatttgaacggcgtacactggatgc,8.392906
ggtaatttccagtcctcgctttccttgttcctgaccgataacatcactga,6.807699
caactgaagctattaagtcgggcagaaaaattatcgtcgcgaaagataac,6.550893
acctggctccagctgatctgccaaaagaagggggacgatatgatttacct,7.0832844
tcacgaattagcgggctacagcagcgatatcttatgcacataatggtgac,7.111702
tttttcactcactattttatttttaaaaaacaacaatttatattgaaatt,8.224518
ttttcttgcatcttgttcgaaggaatgcctaaagagttaccataggtttt,7.25692
gccaaaaaatatcttgtactatttacaaaacctatggtaactctttaggc,6.8061056
gccgacatgagcagggtgcggcaatggcggctatcggttatgctcgtgct,6.87395
cgtgaatttctcgctgccacaaaaatgcctgccacctgtacgctgaaagg,7.4137783
aagcgagccgatacattgacctgatgttgcatcatgataatttctccaac,7.0556116
tatcgaattgaccgttgccagcccacggtcggtcgacttactgtttagtc,6.5781155
ggacggtgcgtgccgtcccattttttgtatttattgattaacttgatcta,6.6204214
ttacgaccatgagtggtggtggcggaacggtacttaggcatactttattt,7.3006144
tgcctaagtaccgttccgccaccaccactcatggtcgtaatatggcgggt,6.910054
tgacccggtacaaattgggtgaacgagttcacaaccgcgataatcggctt,6.656554
agcgattctcggcggtaaagttgtcgccggagatgtggtagtaattcgct,6.8006563
cgctacaaaaaatggaaaaactgtcgtcgcgtcttgataacgtcattctg,6.739629
cagccagtgcacagctttaagctgcgcggcgcatacgccatgatggcggg,7.2759523
cggtacgccgccgcattgaactgtggtttcgacgcaataaaatcagtaac,7.061328
acagttcaatgcggcggcgtaccggcccctgatcggccataataaacggc,7.7590656
aattcactatatgacaggaaatttattgcggaaattgatatattcacaac,8.672802
ttgtgaatatatcaatttccgcaataaatttcctgtcatatagtgaattc,7.3229647
catatggacgacatcatctccggcgaattctcttccggtatgatggcgga,6.9631224
gaaaccatggtcgattccggcatcattgaagagtctgcatattatgaatc,6.5788937
tgtacgaaatgaacgtggttatctctgataccgctgagtacggtaactat,7.122715
tcctggagaaggccttgctattagttgcggtacagcaccttaatgatgtg,6.6804447
gtgctgctgctgtttttgccatgatcgtgccttgagtgaataattgtcag,6.5949926
catatcgctcataaattgacaataaaataaccatccccgataatgacttt,7.005245
ggatggttattttattgtcaatttatgagcgatatggcattgattgactt,7.1470737
cacgacgtattacgatggccgcattcctcctgaaatgataaaaaacaggt,7.014242
tcatcgtgaatccattagacttagaaaatatcgggtcgtaacgttgtgtt,6.7973804
ttagcggcttacacgcggtcacattcaaatgcgattctgctacaatcctc,6.778414
ccggcccctgcctggtgctggcgggcgcgggttccggtaaaactcgtgtt,6.9549456
gcgagcgggaccgtatttttgcccattgttatgggctgtatgatgcacac,7.105072
cggacttcttcattgcgttgcagcagcaacgtcggcaataaaatcagatc,6.7734613
aagggtttttgccgcaccagagcagcatcgatgaagataatatcgatgag,7.93556
ggccagtggacatagctctgccactggctttcctgagcaataatctcttt,6.9018164
aacttttccagggtaatgcgttcatccatcccctgtgccatcatgatttc,6.9437046
agaaaaagcggcacgcgaagtgttacgtccggttgccgatgaattacggt,7.248515
tgtaccggacaaccgagaatttcctgcgctttggcaataaaatcacccgc,7.1580143
tgttggctgcattctttcacctgaatcacttactacagtaagctcatcgg,7.324006
cgcgtaatcgtcgtcgttcaggttaaataaaaaatgtcatactcaaaatc,7.1885557
gtgaagagtatgcattgaatttgcctgctattgagacctatattggtcac,7.3233175
gcgtccggattgtatttgcttaccggaattgagtgaccaatataggtctc,6.755783
gtgaccaatataggtctcaatagcaggcaaattcaatgcatactcttcac,7.627204
gtggtttgcatattccggcagtgacgcacgtctttaactacgatttaccc,8.332619
tggtttgcaggcggcatacggcggaacagccagcggatatctttaataaa,7.365574
tgcgtcggcatggatctgcacggcaagttcacgcgtcggtgccataatta,7.9662914
tcggcatggatctgcacggcaagttcacgcgtcggtgccataattaaggc,7.3201942
gtaccgggaaaacgatggcgtttcttacgtcaacgtttcattatcttctc,6.9533634
acttctgttctgttaaatgtgttttgctcatagtgtggtagaatatcagc,7.5001516
acaggaataagcctggcgtgttggtttcgttgttggtgtaacattaacca,8.326538
cccgtcgctaaaaactggacgcccggcgtgagtcatgctaacttagtgtt,8.345268
ggaagcgttggaaattacaagattcaaacttaataaggtatgtttaatac,7.483042
aattccaggaattttcctaacatcgccagcgcggcattaagattacagat,8.019656
cgccacgtgtttacgtggcgttttgcttttatatctgtaatcttaatgcc,7.5596886
cagaagggaaagtccgttccaaacccaccagtcctgtgcaaaaattaacc,6.709284
ggaacggactttcccttctgaataaaggtcttcgtggttatacttctgct,7.170951
ttacgcagggatttgcttcacgttcggaattgtcgattactatattccgc,7.6475554
cacgcatgatcaaatggtgaatatgctgacggtcaggagagaatgggctc,6.8009987
agagcaccagcatgacccactccgggacaaaatgagaatattctgccagc,9.24546
tcagacctatcgctatttgcgtacgccggaagaaccggtaaaacgcgata,6.9695253
ccctgtcctggctgcattatgttgagatcgtagtcaggtacaatggaaaa,6.887143
cgataacagaaatggtcgcaaaactcatagtgatatccgattatttttta,6.4573545
ctcgctcgtaaaaaaccgccttctacggcagtttttactacactcgccaa,7.007388
gaatccacctcgccggtggggtcaaccgagaagatggcagaatggttagc,6.8068733
aggtggtgccgggtttattggctcggcgctggtgcgttatatcatcaacg,6.77796
gtattgcgtggcgaccaccgggaaagtcggtgaaacctataatattggtg,7.5175905
tggacgcggtgcaggtgctgagctgatgcaaacggcgctaaactgggcgt,7.693491
ggacatcaaatagctggagccaatatcgcgccaggtatatttatcgacct,8.026967
cccgtcaatcagcgtacggtaattgcgactttgttgaactacttttcctg,6.9262094
ctggcatctttaacggtgtaaccaaatacgttgcccagtaccatgataat,8.036734
ctgccgccatcatgttgatcaaacgtggtgtcatcccgttaagctatctg,7.342923
tcaccagataaccaaagacataagcgcccacttttaacacatcacccact,6.898302
cgcgatctctttgcctggcagttagtgggtgatgtgttaaaagtgggcgc,7.424163
gggcgcggcgcaggcatatatggcaacttatatcgtctatttttctcttt,6.8989325
ttcccagggaaaaattgcacagaaagcgccggacagctatcacttaagcc,7.5933075
cagcgaagaaaatctacaaattctgagcgaaaaactggaatttgacgcct,6.7902737
cttggttactttatttttgcccgccagcagggcattggtacgctgtgctt,7.1592264
gtggcgttaaaacgcttcttttactttttcatcccggcgatgctggtggt,7.7257023
aagtgctgaataaccactccggactggcgatctcgcctacgcttataggc,7.077467
gcagggaacgctggttgccattaatgctgaaaaaatgctgactattgaag,7.139944
atgaatgcgttcaaacagcgcctgacgctgctcgggtttaaaataaccat,6.793215
tacatccagatgcgctgtatatgggcgttggcgggacttacgatgttttc,7.006918
atgggtacatcgagtgttgcaaatgttttcgtaattcaggagaaatggca,7.0876713
ttttaatgctttatttgccatttctcctgaattacgaaaacatttgcaac,6.9647465
cttccagcccacgctgtagctctggtttgttatctgccataaatcctcgt,6.530201
cccattgaacgcatgatgaaaaagacgaacagcccggcgatgatataggc,7.355813
caatggcattcctgatttgcgttttgatcggcatgtactttaatgaagat,6.8069115
tttaaaaagggactagacagaggggtgggaagtccgtattatccaccccc,8.421995
ccggcgcttgagctgcggtggtagtaataccgcgtaacaagatttgtagt,7.03603
tcgtgggttcgaatcccattagccaccccattattagaagttgtgacaat,6.498925
gaccagtgggtcggaggttcgaatcctctctcgccgaccaattttgaacc,6.3994656
tcgcaataaacgcccgtaataactcattgccccacggtatgatttcgccc,6.618252
cgttaatcgcaccagcgcgcagcaaccgttgcaggtatatgattttttgt,6.82911
atgatcgattccccgcaacagcaggcgtttggtgaagataaatttaagca,7.694998
cgtatggcgactgcatggtggagatgaacgatgtgttcgctaatctgtat,6.968933
gccgttaaaactaaaaacagcatcaataatcaacgcgatataataaacct,6.7036533
gttgattattgatgctgtttttagttttaacggcaattaatatatgtgtt,6.569688
gagaatcgggaaataacatcccttaacacttgttatgagataattctgta,6.8264
acaagtgttaagggatgttatttcccgattctctgtggcataataaacga,7.161748
ggaagaagctgcagctatgcgtcgcgacggtttgatgttaacgttgcaga,6.767351
ggcttgccgacgcgctggacagactgcacaagccggaagaagctgcagct,7.128519
ttcttcatcaccaacatgggctttcgccattgatgggataatatccagca,6.9761877
ccggccatcagggttatgtgctgatccagaccgacaactacaatatcgaa,7.0833197
ttcttgttccgtcattatggcttcctgttatgagagttattgtaatgccc,7.163827
gtcacctcgcgggcttgccagcgcatcgcttcttctgcaccatcgtaatg,7.077874
tctctacccgcaggatcgggaaatcagcgaagtcttgctacaattacctg,7.015291
ctcgcctgagcaaactggataacggcgaatacgatgccatcattcttgcc,7.221838
cttgatacgccgctggcgaaagtaggcggaaaaggcttatttgtaaaaga,7.143018
gtgggctttggcgtgtggcaattcttaaaacattgtctaacatgcttgtt,6.6531334
cgtgatcaatttaacaccttgctgattgaccgtaaagaaagatgcgctac,7.000349
ccgttgtaataaggaatttacagagaataaacggtgctacacttgtatgt,7.2002487
tgtagcgcatctttctttacggtcaatcagcaaggtgttaaattgatcac,6.848234
ggcattagcggatggtgatagtgcaacaatgtcggcagtagactgtagac,6.6811934
actggtgtatacaccatgggcagcacctcgtccgtagggcaaagttgttc,6.915083
ttccacacccagcgaggcggcccagttttccagcaggctacatttacgtt,6.7665625
ttccacagaatacgcttaccggcgagacgcacggcggtacgataaaattc,6.916894
cagcagtgttttcagtaccgctttgtatggggaatcgatactcttgtaga,7.435526
ttaaatagaagcagcgacgtactaaatccagacgggtaaaatcttcaatc,8.692857
aggcgcacaacgagttgctcgacgcgatgatgcagagctaccgtaatctg,7.200138
atcagccatcagccgctggaatataaccgttacctgaataaactggtggc,7.3157606
aagccattctcgtcttgcgtttcttcgaaaaagaactggatgatcccttc,7.288555
atcagccaggcgatgaaattcactgtcgttcattgttgtatcctgttttt,6.977705
gcagaggtgcaaactttgaagccctgaccccatgccgctatactgccgcc,8.398565
cagttacaccacgtctttccctgtttctggtaaacattatgatcaggttt,7.5639954
aatgctgcgagtataacgcttactcgtggggatttatgttttgctggtag,6.7049417
aaactaccagcaaaacataaatccccacgagtaagcgttatactcgcagc,6.969939
cgagaactgcatcatttactccaatcacgcgggtacagaaactgactttt,6.8256445
gacaccacgccgcataagattgtctgctcggcggcgcgcataatataggt,6.747755
tgaataaatccgtcgtagacatgtaccgccgggccagtcatatataacgg,6.8578825
tggggcgcatctcggcgctcacctttgacctggatgataccctttacgat,6.9512978
tctggaaatttcccggttggcatctctgacctcgctgatataatcagcaa,7.3386
gtatggcgagcagttttccacgctcatcaaccaggcgatacgatgcacca,7.0239515
gacgctgacctacgcggaaacccgccgtctgtatggtaaagaggtttacc,7.2579
tcagggtcaggtgcagatggcgatgaacggcggcatctatgatgaaagct,7.6396723
aaggtgatcattcctttaccaatgagtagctgatgcgccattataggtcc,6.8026934
gtgttctgttgcgtgttgacggcaaaattttgctggcgtaacatgcgcgc,6.81662
gaaacccaatttgtttctgtgtgcccaccgaactgtccgatattttaagc,7.060899
tgatcttgtcgaaccggacgacgacgagcgactgcgcgtacaatctgaac,6.9171934
ctccacttcagttctggcataaactcaaagttcatgccatagctggaagc,6.538619
cgcgccagggtagccgaagctccacttcagttctggcataaactcaaagt,7.977723
agccaccgctctcgttttttacaaccagttcttccgcttaaagtacagat,7.0809355
ccgtagcagcctatgttgctgttaacacgaacaaatggttctatgagaaa,6.920988
tcaaatgaatttcattgctttcttctgttcctggatatatttatttgtcc,6.6812677
caaaatcttcggctatcattgtgatgatagagatgatatatactgctaat,8.65206
tcaacggcaatcttcttgcgtaccagaccgtagaaggcaaaactaaatgc,7.3845844
ccgccacctatatggtaggttgaagacataaaagcaggtaaactgctgtt,9.483737
acagctttatattgccagtgccaccgccacctatatggtaggttgaagac,7.8460217
ccagttccatccccaatgcgcggttaaatggcatgtgataaacaaacatc,7.963298
atcccttcctaaagtagaaaccaacaacaaagaagcataaaatcaacatt,7.2599926
agttatcccttcctaaagtagaaaccaacaacaaagaagcataaaatcaa,6.9205713
taggaagggataactaacggctatggagttaagtatgtaaaatagcccgc,7.738246
cagagtccgcatcggtcgtgttctccgtaacgaattattgataaggtgaa,7.4216757
gcagggctggttgttgccggtgtttatgttgcctatggcagtatatgcac,7.50791
agcgtgaacggattgtcatgctcctgcagcatattggcgataatactgcc,7.373686
taacccggatatcaccaaatatatgggttactaccagcttaaaatcggct,6.8899727
aggcttaagttacccgatcaccaaacatgtgcgcctttatactcaggttt,6.3789387
tcaggtttacagcggctatggcgaatcgctcatcgactataacttcaacc,6.7018585
ttgccaaccactcaaccgttcatcaaaacaaatcgtttagcataaccccc,6.985737
tgaacggttgagtggttggcaaatctggaatccagcatccaggattaccc,7.348383
agagactaaaagcattgcagtttctcgcgcaggcgctgaaaatagcgcct,7.098521
gcggaatatcaaagtggaccacgaagcgaacgtttggtttattgatgccc,6.5966444
ggtgctaataaccagcgtatccgcgactatggtcatgacaaactgaaagt,6.8145847
gatttacgcagtttgcgtaatttggcgaacagtttgcgatcatagttgcc,6.4993906
tacggagtcttcatactggcacttttttatgctgctgactactcttcgtc,7.5204372
ggcgatgacgaagagtagtcagcagcataaaaaagtgccagtatgaagac,7.044569
tctactttggctcggtgttctcattgtttgtcggtgataacgttggcact,7.537075
aataatatcgaccacaatagtggtgacgccgagcacgatatactgcatca,6.8957405
tcatagtgttgattgcaccagagcctggcgacaggcttaaaatgatcgat,7.3427153
gatcgatgtcagcaggtaggcaaaccaccattctaaggtcatgatgaact,6.9138975
taaggtcatgatgaactcccggtgtgtctatttttgtgccacaatacgct,8.291234
ttttgctgctgaaacatcgggtaatctgcctcttaaaccacgtaaaatcg,7.7070932
cagcaggaggttcagcccggtccgtggcgtaaacgctatatactggcaca,7.1371346
ccggtcgtcaccacgttgatgtggggcaaattcgcgataatctggagatt,6.868149
aacagatcgctggcaatgtcgcgatccaggttatgagcaaaaatcagatt,6.687381
ttacctccaatggtgcgcgcgttcacgatctggatggtaatctgattttt,7.4686613
ttctttatttggtcagttgtcaacctgatacttcgctacaatggataccc,6.848016
accgtgctgacgccgctctacatcacgctgatttatgacatcatgagtaa,6.9438295
ccaccagaaacgcgccaagatagaaccacgcaaaggcgttatgctgtggc,7.141259
aatgcgcagaaaatgccgcaaaccacgctgcaatggggcattctggtgtt,7.177655
gcgcgacgcaggtggacgccggaacgctgggcattatgaataatatgcac,7.664648
cgcgcggatgggtattgccgcgctaccgcattgggtagtagagagttttg,7.136979
cacaaatagccggaagccaaggcgttgttccagatcgctaaactggtgag,6.871481
ttagccgtccagatgtttacacatccataattggcggttactgtatattc,6.72641
atgaataatttgcgcttgaggaatatacagtaaccgccaattatggatgt,7.0416584
ccataggatttacatataattagaggaagaaaaaatgacaatattgaatc,7.5524187
tgcctgttcagggtctgcatgttgacctcgtacatggtaaagatgacgtt,7.689951
cactgttcagcgcatcgcgcagcagtgccagttcatggcatttttgtagg,6.893693
agctatcatgccgcatctgcagaagatggctggcagcgtatgctggaatg,7.235654
gacgccgggcatgcattcaacgctgattatcgcccgagctatcatgccgc,7.401376
tggcgcatggtttcaacgctctcctgcggaatgctgttatcctgaccacc,7.422717
tcgcggatatgttcatgcacgccaaaaatttcctgcactacaatgaccac,8.244607
gcaggtgcaaatccagattgttgtgttgttgccatggtattctccgtacc,7.460129
agattgttgtgttgttgccatggtattctccgtacccttataaaaatgtt,7.0789766
gagccgattcaggcaatgtgatttgttgcatgctgactatagttaacatt,7.3583717
ttctccgtacccttataaaaatgttgcgcaatgttaactatagtcagcat,7.1598463
ttctgcaggactgcataaaagatgagccgattcaggcaatgtgatttgtt,7.1031685
tcatggtgatgagtatcacgaaaaaatgttaaacccttcggtaaagtgtc,8.204893
cgtgtggaaaagatcgccgcgctgatggataagccggttaagctggcatc,8.749572
tcactacctggcgtgcagagctggatggtaaacctgttatcgtctgctct,7.7874146
acggacagacgccgtggtaaccaggacatcacccacattaatatgcggct,6.9764395
gacagcttcttctgataccttctacccaggtcaggaacgttacgatactt,7.3373213
gcctcgcaggaaatgcctttccaactggacgtttgtacagcacaattcta,6.834774
aaatgcctttccaactggacgtttgtacagcacaattctattttgtgcgg,7.0093746
tcgtgggtcagggtatggcgttcttgtgcttctttaccgaagctgtcctg,6.654771
tgtagcgcgctttcgcgggtgtagtcgtcttcggcgttaaaatagcgttc,6.9526415
atttccgcgccctgaagagagttttttcattgcctgccgataattatcct,7.233943
tgtgctggcgcaggcagaagcgtttcgcggtttaggagtagaaattaaac,6.582156
tgacagcgaaattctcccgcctggtcggagaaactggcaaagtggtcctt,6.5483894
tggcaaagtggtccttgctgatatcaatgaatccatgctcaaaatgggcc,6.400799
gaagccaattatcgagccgctgagcaaagcctatgatgcatactccttcc,7.527129
actttcgaatccggcatcctgcatcatggctttcagggtatcctgatcgg,6.4361124
ctcacctaaaagtttgtctttatgccgatttggcatccagaataatgagt,6.9389257
tcggcaatatgcggtggaaaaagatcgcggcgggttgataacatttgccc,6.6710567
agacggtagataagtttcagatccgctttaataaccggcaaaatatccgg,6.6340027
gctccatcaccatcatcccttcactacaatagtcagggtaaacttccggg,6.451742
atgccgtaaatgcgctccatcaccatcatcccttcactacaatagtcagg,6.795659
cggcattgattgcgggattgttggctcgctaaacaaagaagataaacgct,6.8050175
ctttgagaaaccgctggccgaaatttcgtttggacatgtactgttaaatc,7.7716646
tggtttacgacagtttgcgccagggcaagtatttacagcacagtgttgat,6.987752
gtttgcgccagggcaagtatttacagcacagtgttgataagattgcccgc,6.856393
gggacaatcgcgttattttctcggaattggcgctacgttagtattaagtg,7.7547913
acgctgattttttcatcgctcaaggcgggccgtgtaacgtataatgcggc,8.650082
ccagcggaaagaccacaaagtaggcgaatgccatgccgatataaaacagc,7.1391783
ttgaccagttcgcaatttgcgaaagaccgtgatgatgttgtagcgtgcgc,7.304394
gcgcgttcctgctcttccggcgtcgaaaagttgcggttaaagtcgagacc,6.8663397
ctgtttgggattgcgttttagagtttgcggaactcggtattcttcacact,6.938589
aagacattgtcgatccggcaaccccttatccgggtgataaggtgattatt,7.522753
gtgaaaatggcctgaaagccttcgaacgcgccttcggtaataatcacctt,8.111369
gtgttcctgggcacgttgaagttgcccgcgcttgcagtacagtaaatacc,7.6330547
tgaagttgcccgcgcttgcagtacagtaaataccaggattgcataatgac,7.1108103
gttgcccgcgcttgcagtacagtaaataccaggattgcataatgactctt,7.061758
ttagcgtgaactctgacggtataacgcaaaccggggaatataattaactt,7.7581882
tctgcgcccattatacggcgttcatctttgcgatgctgtaaatttgttaa,7.915167
ttcagtgatttccagatgcggatccaccgggagcgtgatacgttttagct,7.110238
caatttcagtgatttccagatgcggatccaccgggagcgtgatacgtttt,7.129306
atggggcaggaagatgtttcggcgctgcgtgaagttggtaaattattggc,8.117758
caggtaatcagcggcgcggcatcttccggccagcaggtcataatgggaat,7.8742275
acaatcaaaaaacagtacgccggacacgcgaagcgcgtcatgatgggcgt,7.070822
tcatgatgggcgtctggtcgttcttacgccagtttatgtacactaaattt,7.0856924
aaaaaacccgcccctgacaggcgggaagaacggcaactaaactgttattc,6.712246
tttgtaggcacgataagacgcgacagcgtcgcatcaggcatcatgcacca,7.315467
aatgtaggcctgataagacgcgccagcgtcgcatcaggcatcatgcacca,8.061994
ttgccgaactggtatttgatgccccaggttcagttaataaactcgacact,7.0299816
ctttaatcttttgtttgcatatttttaacacaaaatacacacttcgactc,6.8641853
atttctttaatcttttgtttgcatatttttaacacaaaatacacacttcg,7.0366907
acgctcggcagaaatcacgctctggatgaacgatgtgctaagatgcggag,7.4514446
ctgttcaatgtttttctcgacgatcatccctatccgtttaaagtgaaccc,8.076001
tgggcctgcaggtgcatgacgtcgctggttttatgcaggatgatagcggt,8.787793
tggcgtgaagggcagttcagcaagcacttcaactggcagaaaattgaagc,7.091546
cattgcgtggcgtgggtcgcgggtgcgccggatgattctcaacagctggg,7.367943
aacagctgggtttctctgacgacggggagccggcgggaacggcaggtaaa,7.3535795
ccagctaacgacccaacgcaagacgccattaaccgaatatactttgcaat,7.1405754
ttttagccgtggttcattgcaattgttagcgattgaagaataatccccac,6.9202833
gccagtatcggttatttcgatagcccgactattaacactatcattgctat,6.957402
gtttacgctggtggttatttgtaccctcgtactgtggtttcataatgtct,7.1904
cgaacgccgtctatagcattaagctggggaatcgcgcactgccggaacgt,7.9099846
aagccgtttggggatttttctccgcctatgcattggtgtttattgtcagt,8.293845
gatttttctccgcctatgcattggtgtttattgtcagtatgctggcgatt,7.3789244
aaactatgaccgtgtggtcattggtgcttctattcgctatggtcactacc,7.6902494
acttctttgcgcgtatccgtttcaccgcctgacatcttcataatcagctt,7.0275927
cattatagggagttattccggcctgacaagaggaaatttaaaataatttt,7.5350246
tgaagtgctcacacagattgtctgatgaaaatgagcagtaaaacctctac,7.338151
gcctaccaaatttgcacggcaaatttgaagaggttttaactacatgttat,8.683178
ggggaactgaaacatctaagtaccccgaggaaaagaaatcaaccgagatt,7.873371
tggatattaatgatgttgaggggctggctgattttgtggtggagtggatg,7.0311813
aatcaaatccagctttgaggtatccattcgacttgcgagaaactgtagat,7.02971
agctcatagctatctttgcctggcttatcaacatccatatcatggtgcgt,7.263195
acttcattcagacgtttacatttcatagtgatgctccttactcttgagac,8.132466
gttcgccgtcaaaacctgactctttcgccagtttctgcaaaaattgcagc,6.676219
agagtaaaagcttgtaagcggcgccaccaaaatcatcgtgaaatgatatc,6.4293804
gcttgtaagcggcgccaccaaaatcatcgtgaaatgatatccttcgtcat,7.184325
tttttccaagcgtcggtggtcgccagttcgaagctgataatatcgatcag,7.9315777
gaatatctcattgagccacgcaagctgtttgaggacgctacactgatacc,7.2479115
ccgggaatattctctggcgcgatggtccaatgtttgttgatctggatgat,7.3944616
aatggcgataaagccgagcagcggatgcaactggaaactattattgaagc,7.462514
tgttaacttatcaagttcgtaggtgagattgacattgatataatctttgt,7.095833
actcagggtgtgcagcaagctgcttctgcatcgcaatgttatactggatg,6.4146624
acaataccgcctcgctgcagctgcgttatacaccgggtaaagttgttttt,6.6150627
aaatgtactgggtaaacaattcgataaactgcttaatgttacgctgtgtt,6.9294662
ttgcgatggcgctaaatgtactgggtaaacaattcgataaactgcttaat,6.6691236
catttggcgaaaggtttcgcgtttttgtgattttatgatgtattgctggt,6.608821
ctgtgccagtcatttggcgaaaggtttcgcgtttttgtgattttatgatg,6.5634794
tccttaaggatcatccgttatttgggtcgttttctgctaaaatctgcgcc,7.1286945
aaagcggtgaaaaactcatgttttcatcctgtctgtggcatcctttaccc,7.1913776
ttagtcagcgggggaaacgcgtgatatgcgcgataaagataagatgaacc,7.9444485
cccttggcgtcaaagaccaccgctgcatgcgtcggtttatattgcatgat,6.84542
tcatcgatttcctggcgctgatgggtgactcctctgataacattcctggc,7.9131355
cggtatttgcatttgataccgaaaccgacagccttgataacatctctgct,6.757983
gcgaactacggcattgaactgcgtgggattgcgtttgataccatgctgga,6.603717
ggcatcaacatcatctttatgaacttcaaataccagttcatcgtgtacct,7.005186
attacaaaaagtgctttctgaactgaacaaaaaagagtaaagttagtcgc,8.253125
gccggatgtggcgtatccggcccgtaaattcaatagattacaattctacc,6.9665565
aaccataataaaaggcggatttttcggcgtgagcgttgtaagtaaaagcc,7.0648737
actgatggcggttgattgtttgtttaaagcaaaggcgtaaagtagcaccc,7.925622
tttgcatgacctttgctgcgtgagtttgaagatgatggtttcataatggt,7.4706726
aaaccctgagtgccgaagagcaatcctgggtggatgctaaactggatcgt,7.3672915
ggttgcgcagccacttttgtcgccgcgacaaccgctgtagtttaacgaat,6.9483776
acccttccggttatatgttatctggtgtggttattcgttaaactacagcg,8.043106
gcggtcgggtacgaggtgtatcgtggcccggaatagttatatttctggat,6.9517317
gcgtccagatactgatcggccttgtgctgctggcgagtaacaatcttatt,6.8297806
cctgcaggaaaccatcgccttcctgacgcaatcgggctatcagtttatcg,6.6748734
cgaaaggtcgcttgctgatccgcaacatttgcatgtgctttgatacctat,7.135207
taaaagagctggggatggagtgattcacagcttgtgtgtaaagattgatt,7.8549213
acgcgcctttctcgtggccaaacagttctgattcgatcaaatcttttggg,7.066348
atttcgcagccggtccgcctgttcgataatcactttggtatattcgagta,7.179903
ctgatgcaagaaagtctggaggcggggcaaggttttaccgataacgaagt,7.357645
tgttgagctacttctcattaaatatcgagctgatgcaagaaagtctggag,7.6403637
caattctctgatgcttcgcgctttttatccgtaaaaagctataatgcact,8.738783
gccataaagcagtctcctgaacaggttgcaccattttagtgcattatagc,10.019694
gaagaagatgaccgcgtgcgtatgactccgcatccggtagagtttgagct,8.009352
ccatgaccaaaaaagctgacgaaattcagatctacaaatatgttgtgcac,7.204734
ttcgtgctcgttcagcatcgtcagtacgtgttcagcggacatactttaac,7.055505
ccttttaggggcaatttaaaagttggcacagatttcgctttatctttttt,7.097233
aatctgtgccaacttttaaattgcccctaaaaggcgttatcatgcgcacc,7.7612906
ttatccaaaggtcattgcaccaacatggtgcttaatgtttccattgaagc,6.920061
gggactctgcaatacttgtttgcggaggatgtttgtgatcctgttttgta,7.3046246
gatgtttgtgatcctgttttgtagtgcgattaatccgtgtacaataacgc,7.4066486
gacttcggtggtgaagttgaacgtgtaatgtccatggtagactcagtgct,6.493951
ttcggcttcactttaccgcgcttgatgcggccaatgccgataacgccaac,6.6615896
ttaccgactttcgcgttgcgggttttgccttcgctatcgatgatagtgac,7.165126
gccggcactctccgttgatgagccgaccgtttctatgttcttctgcgtta,7.0919266
ttctgcgttaacacctcgccgttctgcggtaaagaaggtaagttcgtaac,6.9865446
tttcatacggctcttgtttacgaccgtcgatttcacggaagataactttc,6.664933
ctatccgcatgactctggaacaagctctggagttcatcgatgatgacgaa,6.6549625
gtcatacgccgttaattgctttcttttttggcgtaagcgtaagatgcttc,6.732814
caatattgccttgctggtcggcgcgatgcttttcaattaagatcgctggc,6.9435825
gtgagatggaatctctttccttactgtttgattttgcgaacatgatcaat,7.366543
gcctttaaaacagtgattttaaaaatcgcttaggggatgttatgctcacg,7.8485575
atctatctattgcccgttgcgctggtgggggcttacggcatcattaacca,7.6952324
cagataagatcctgaaatcgccaagtaaatatctatgctacacctttatc,7.3167315
tgcataaaaccagcaatggcggattccgaaatatcgcgcaaaatgatttg,6.9830275
acataatcactccttataacgccccgcagggcgtcgtttattattattac,7.2747927
agatcgcccagcacccaaatcagcaggccgccgatataaactttcttctt,7.1741133
acggtggtcatacgggcgaaatgggcgatggtttctgcgtcgccgtcaaa,6.817601
gcccaccgacacgtacttgcataacggcgtcagtgccgaaattatgcata,6.974333
atatggtcctctggttgagcggcaaggcgcagccagatacggttgtggtt,6.8324594
tgagccaatccataaacaaggattatctttgctatgggttaaaataagac,6.4398193
aacgagattgttgccttcctgttattacaggcttatgtaaaatgattctc,6.7479258
gatgtcaaacccaaaaactgcaccggacggtcccctcgcccctttgggga,6.4191217
cagccatgctggtggttgttcgcaacgggcttccagggcagcatggatgt,6.32907
agtttttcgtcgacaccggaagagaggatcacccatggcatattgatatg,6.7187433
tttggcaatcgcgttttgctcaaccacctggcggtagcagaattgttgat,6.3976526
taacgactggataaaggaataaatgaatgaataagtacaccatcaacgac,7.628973
ggtgtacttattcattcatttattcctttatccagtcgttacatttttac,6.789774
tcaccgaacaacacgttgcgcaccagatcgccattcggcaacatggtaat,6.847045
aaattgacagccgtcactttttaaacaattggtgaaattaaaatgaacgc,7.0596533
ccaaacggtataaccaggcgaaatcttcgcaatccgccatcatggtggat,6.5483627
actgtgatcaaacccgatcttttttgtcactttttgtataaaatgccagg,6.750146
ccgaggaaaaaaaagcgattgccgaagcggtggcagactatattcctgat,6.9415007
actgcgctctttaccgacgagctgccgcccgctgcgctaaaatcacgctt,6.8961887
tcataccttgccacatagccaaacccatcctttcccgctacagttaattt,6.6060543
accagaatactggtaatgcccagctgattggctccttctatattatcggc,7.33315
tttcacccagcgatacggtctttttcgacgataacgccgataatatagaa,6.8538857
agataaaaccaccatcccggactatttcgcgaaggtgttatgctaaaaac,6.615676
gaccgccgttggggcgtgcgggctgatcgtcaccgcgttattgttgatgt,6.560562
cgggcgaaattggcgcgggacttttggtgttattgggtgtcgaaaaggat,7.0035324
cttcttctgtttgtggaacccgaaggtgatacatagcgatactctctctt,7.61796
ccagcttccagggttgtcacgggaaacaagagagagtatcgctatgtatc,7.284524
ctgcaacaggcgtggtacgaacatatcccgcttagtgaaaaaatgggcgt,8.236934
ttttctcataaatatttttaaaatctatagctaacaaatattatgcaaag,9.561657
tgcgaggcgttttccagatatgatgtaacagttgcagttattataagttc,7.419402
tacgcatcattttttatttttgcgaggcgttttccagatatgatgtaaca,8.459635
atgcgtaaatgagctttctttaaagattcggcaagggtacttttctctcc,7.4711704
catcaagttgcttaatcacctcattcgataaatcgagtaaaattctgccc,6.763708
aggtgattaagcaacttgatgatctcgaggtgcagcgtaatcttcctcgt,7.718931
gaatatcagcgtaagctgcgcgaggaatggtaatgggaaaaaatgatgtc,7.112733
cactcaggggctacgttacctgcactgcaacctgtgtgaaactgaatggc,7.9894114
aatgctgcattcatttgccgcagtggcgttaattgtggttatcatggtgc,7.308799
tcaatcgggatgatatcttttgggcgaagaatattcgtaagatcgtcgtc,7.0154734
gtcccatttcagcaactgacgcttcggatcccacgggttaccctgcggat,7.0843706
atggcctgttcaccggctacgacgcggaaaaacgcaagtacgataaatcc,8.317488
gccgtaatcctcacgcacgatcaggctggcgttggtataggcttcggtgt,7.2171516
gggagttatttttctttgcggaaggggccgcaaaggtccagaattggctc,7.9686794
tttctcttaaccagataagaacacacacaccaacattatggtattctgtt,6.8374996
tttttcactttctcttaaccagataagaacacacacaccaacattatggt,7.2287273
tgccgcgaccacgcttgctgtagaagtggctgagcgctgtaatctgacac,7.448241
acaagttacagatcccggtacagcgcagtctggcgcgttatgctgactgg,7.542507
gctgacgcttatcattaatttcctgaatcgccgcatgataagattcggct,7.4936953
gacactgcatttatcatcaaaaacgtttaacgcaggctattatagtcatc,7.61479
gagagcattacgcgagtacaacgaaatggttgatgactataatagcctgc,8.49121
cttgatcgcctgcgccgccgccgatgcgcgtcatgagctaaaaatattta,7.3288918
ccctcgcccaaccagttgaggtgaataacgaagtcattaaccatgtcttg,6.966324
cgtaatgatattttttacggtgatgtaattatttaccgcgtcatccagta,6.6573067
gggttgctgcaaagggtgccgggcatcgcgtcattgaatattattgatgc,7.3254194
tcttggtgataacgctgtaagaaccctgacgggtttgatagagaaacagc,6.786318
ggccgcaatatcccggtgacgagataaaacaaatcgttgaacatagcggt,7.515957
actcatcggtcagttgattacgcagggcgtaaatcgccagaatcaggctg,8.803151
gcgaaaatgcgggctttgccgttaagggtgaagttgagatagtcaatatc,8.40938
ctgtgtctgccaactcgttatctgcacgccaacagcggtatgatttcaaa,7.1097193
tcggctgcgcaatgatggctgaactattgcagacggtgaataatcccgaa,7.266083
gtggtcggcaaggcgttggataaccgcatcggctgcgcaatgatggctga,7.020526
atcgctttcggaatcaaacgtctggcacctggtttgggtatctttgaccc,6.7428703
ggcgtctctgcggcgctgccgtttgtcatcggcggtggtatcctggtggc,6.7813816
cctctcatcacttaatcgctccaccattacaattgattaaaatatatttt,6.335784
ataatggttatttaaataaaccacatgaatcattaatgggttattcatta,6.6572924
atgcggttgccagcactgatgtttgccaacgttggtggaaatatatgacc,6.7515497
agcgggatatagcgcggttgttggtggaaattgtcgtgatatggtgcgat,7.0184526
caggactgagtaatgttttgcatgttctgtgttcctgtaaattcggtgtt,7.029949
agcagacgctgacgcggggcgagacggtcaacggtgatatctttcatacc,6.929391
ccatcggcgcttagcggatgcgaaaagcaggaggggttaaaatccagacc,7.5997343
atcgtctcaggattaataaagcgatcgtcattgggattgataatgaagcg,7.19423
tcttgaaaaatcgacgttttttacgtggttttccgtcgaaaatttaaggt,7.1719503
cgcgaatcttctcaacgtatttgtacgccatattgcgaataatcaacttc,6.6553135
taaacactcctacgcttccgttaacgatctggttttgcagaatattattt,6.4780064
catcccggtttcccgggtaaacaccaccgaaaaatagttactatcttcaa,6.424467
atgcccatcttgcgctctttcaactgcccggcgcgagttacaatccctac,6.822275
ccgccgtccggactacattaaagagttctggaacgtggtgaactgggacg,7.0085735
aaattaagcgcgacgggaacggtactgcgtaaatccggtacgctggtggt,6.82347
ggcaataccattgatttgactgtgattgcccagactggtttgctggggat,6.7782583
cggcagtgccatcgccaccgccaatcaatttatcggcgataatcaacgga,6.5443535
catctgttccctctccacgagaaatttccccattagaccatatttatttt,6.53598
tgcctggatacttaccgcgaaaacagcacgcctgacataaaataaatatg,7.4953976
ttcaggcttatcccgaaggcaaacccagcgcaattgctaaaatccaggtt,6.946208
gatatcagcgatatagcgcagttgatgcaaaacacaggtaaggtggggtg,6.7715673
ttagcccggaagatcgcgaacagattttccgtccgttctatcgtaccgat,6.9995174
acctgtaccgccagattcacgatcgcgtgcttcatcggtacgatagaacg,6.754835
atgaaatcggattgagaactgctggccggacgaatcagataaagttggta,7.4444647
ccgcgctattgatatgcacatttccaacctgcgtcgtaaactgccggatc,7.2795315
cccaaaatctttctgtcgcgattcaacgatagagagtttacgattcaggc,6.739258
ttttacaccccctgacgcatgtttgcagcctgaatcgtaaactctctatc,6.795789
ttctgcggtgacaaggcgatgcattgtctccagttcgctaacattaacag,7.7773056
tcgtttaaaaccgcttgctgctccggcgttaacaggcgatacatttggtt,7.5156584
gcctgctgcttaatgcattgcagatgatttgcttccgttatactagcgtc,7.436183
tatctccaacaccgatgacagatccaggcgtcggggttatcgtgacaatt,8.057771
gcgtcggggttatcgtgacaattgtggcgctaatttgtacgattatcctt,7.6608667
gcggcggacgcaaagccaggcggtgcgggctgatatgctacattaccagt,7.2859535
atcgcgccgatgctctgtttgcattgggaatcggcatctatattttatat,7.500926
gacccctgttccgtcgtacccagggagggtaaacggtctatgctttcata,7.533762
ttatgacggctatctgggtctgtatgaagaccgtatggtacagctagacc,7.350151
ctgccgggcactatcgacaacgacatcaaaggcactgactacactatcgg,7.623433
aaactgtattaatgatttcggaaaaaggcagattcctttaccctgaaacc,7.490758
tttggttaaccttctggcacgctttgctcatcacaacacaacataagaga,8.199104
aaggcattcagcgcccactggaaacagcaaactggtgataacgtggtgat,7.35524
tctcgcgaccgggttttttatttgtcacgattttgcgttacccttgcatc,6.873472
acctgtccggcgcattcaccggtgaaacctctgctgctatgctgaaagac,7.9970865
ttgctggctgtgcggttgcaatcgcaccaccggaaatgtatatcgatatg,7.739456
acgaaattcgttcagtggcaggctgggattctggctgttaaagtcttctc,7.9518394
aggattctacccttttgacaagggcgacagatatcgttttaatcggagcc,8.242328
ctccgattaaaacgatatctgtcgcccttgtcaaaagggtagaatcctgg,7.5688763
ggttcgcaggcatgctggtgcttttctcactggcgggtaagaatctactc,7.0250807
gcttatcgatcttggtgcgtttgttggcacacaaggcgaaaataaatatg,7.1576586
atcttggtgcgtttgttggcacacaaggcgaaaataaatatggtaaagat,7.394826
ggaaataacaatcccggaaaaaaatagcagtaagagatatattaaaggtt,8.380277
aagatcattacttgtttgttcttcccttaacggcgcattattcttaagtc,7.2757854
ctacatcctctgcagatgaaggggccagcgtggcctataagattaaggat,9.271476
gagttgtatccgggtatctacttccctgcaacagaagatattcttcaatt,7.1931534
aattgaaagtggggaactggaaagcacgattggcctgccgatgaataaag,7.2608213
tccagtccttcgggactggaatttttttgttcggagaacgaagataaggc,6.711256
ggagattggaatacgcgtgccgcctttgccgccaatgttagtctgaccgt,6.682955
acgcgtgccgcctttgccgccaatgttagtctgaccgtatacttcggaag,6.8374643
aaaagtacgggtcaatcaccagaccggtattgctgcggatataatcttct,6.71519
gcgttatagataggcttgccggtttctttttcccagacaatagtggtttc,6.900117
actaaagccgcagcacagaaagcgccggcaacttgtgaaacgataaaagg,7.4499865
ttttaagttcgatatttctcgtttttgctcgttaacgataagtttacagc,7.5204754
tatgcgtgaaagtcacggacctccacgatgcttgtaggcatgctgtaaac,7.226776
aaagtcacggacctccacgatgcttgtaggcatgctgtaaacttatcgtt,7.8507547
cgagaaatatcgaacttaaaatgtgtgtgcctcgtcataaaatgagcgtt,7.4297895
gttaataaatttgttgcgcgaatgatctaacaaacatgcatcatgtacaa,6.903116
tggcggacgggcgtcgtttggcggacaaataatcacggtaaaatgtttcg,7.932314
aacaattgatgattttgccaacagcccacatagcgcgatatactgaaaat,7.064851
tcgaagtgaccttgccaccatgccagcgctgtcccgacgataattgcagc,7.2414
ccccatcaaacaatgatgaaaatgattgaacgcgattataggataaaacg,7.7195587
cgccagcgatttaagcggtcaaaatatcactattgacgcagattatgtga,7.1490936
tggaagagatttcctacgacgccagcgatttaagcggtcaaaatatcact,6.6765614
atccagatgtttgctcacataatctgcgtcaatagtgatattttgaccgc,6.7529964
atgccgcttccgcgatgcgtttaataccggagtcggtaaactcgatattt,6.8819666
gaagactcgccgcgcttacagattttgtcgatttcgtcgataaacacgat,6.758918
aagcactgctggcagtcgcggatgaaactgcatcgcttatcatcaccggt,6.3366995
gagctggcaaaagactggcgtaccgatcgcatgctgcgcaaacttgaagc,6.785228
ccagcgatgaccacatggccgttacggcgtacgcttactatagttgtcac,7.0211134
gctcgccgccgggggttgaaaccctcaaaatcccccccatctataattgc,6.535366
attcggctcgccgccgggggttgaaaccctcaaaatcccccccatctata,7.3387337
acgaatacagagtacaaaccccgtacaaaagtacggggcataatgcaatt,6.6919928
taagactgccgtgactggtcaaaggcccgccgcttaagtaacatggcggg,7.277295
accatcgcgcagccgcgttacgaaatcggtcgggaagctatgctgttatt,6.9470673
ctgaaagtcccggaagacctttccataatcggttttgataacatcgacct,7.0345716
aaataatttactgcatcaaatgcggcggtcagattgtcgatatgaactgt,7.4623175
gggattcattacgcttgacgttgcgccccataggctgcggtaaataaccc,7.316066
catgaaaattctgtaaccgttttcacgcgctatctgctaaaaatgttgcc,7.4556923
tcaacatccagcacccatttcaccttacgggaatccggtattgtattgat,7.0636415
acatccgggaaatggtgacctttcgccagcatttgtgtaccaatcaaaat,6.9172926
actccgtctggcgattgctgctatgggcggcagattactatcatcatccg,6.7876396
cgggcatagcatcatcctgacttgaaattcggtgggttagtatacacatt,6.753477
aagagtgcggatcagtttgcatacgctggttaatttctgtatgatttcgc,7.4568367
tcgctcttccagccctaacgccagacaccacgcgatgttaaaagtatagc,7.694089
tgatttcgcgccttcgtacgaaatgatcgtattgaagctatacttttaac,7.3145266
aactggcgcaaacggcaaaacgttatctcggtaaaccgtatgatttcagc,7.007614
gggctttttgttgcgtatcaccagcataccggtgtggctataatcggtat,7.1636925
agcgtatgggctgatatattcgccgctccattcagccatgagatacttaa,7.2965603
caggtgcattacacgatgtcacggtaacgcctgtacggtaaactatgcgg,7.288493
tctttgcgtatagattgagcaaatcccaaatagccgttaaaattatatgc,7.20679
aacttctttgcgtatagattgagcaaatcccaaatagccgttaaaattat,6.7085752
agatgtccagatgtattgacgtccattaacacaatgtttactctggtgcc,7.1836014
cgcgagtaatcatgcgcgcgcggttcattaaatccggtaaagttataggt,6.953287
gcccaagtaatccattgttacgcgtcgtggatattgcgaaaatctgccat,6.833729
cattacaaaatccgctggcattaggtgccgatctggtgttgcattcatgc,7.3705893
ggattttcagcgcactgtcggccacttctgaggtgtagcaaaattgcagc,7.065503
ttggcgtacataacgatcgccagttgctgcaattttgctacacctcagaa,7.4594183
tccacgacgccttcgaaaaaaccgggcgtcactggctgtacaatgccacc,8.251315
atcaaccacaccgtgcgcgatctgatcgacagcggcgatactattttgtc,7.2067957
gtgaagatcatccgttggcatcactgctgccgtgcgataacgtctttgcc,7.077464
cgattcagtcggatatcaaccggctggcacagttgttgtaatttcagaaa,6.9709644
gttttcgggtttatggtttctaatgaaatatattgaattatcataggatt,8.483823
ttggtcatttttcggttgacgcccttcggcttttccttcatctttacatc,7.65872
tgccggtatctaactttaaacaggcgaagaaatttgccgatatgaccaac,7.0670004
aggagtgaaagatttccacttctatacgcttaaccgtgctgaaatgagtt,7.383217
gggggttcgacctggtttataaatagtgtggcttttgtgaaaatcacaca,6.8131294
ttaagcttttttgattatgtccgaattcggacaaatgctttataaaaaag,8.095863
gcttaattaagatcaatttgatctacatctctttaaccaacaatatgtaa,7.380826
cagtgttaccgttacgatacacagcgttagagagaagttataattgaatt,6.8544636
tggatatcgtctgacgtgctcatcaatgtgctcccctctacagtgttacc,7.316083
gcggtagtcaaagtcctcacccagtgggttagaacgattagaatgttggt,6.7976646
catgagagatccagtgtgtagttttcgttcgcccactatacgctggtaaa,7.224292
gctgcttgctggcagtcgctgaacgttctttaccagcgtatagtgggcga,6.8109894
cttttattacgtggtcgcggaatgcgcccgacaccgtttaaatacacctt,6.914361
tgtgctgtttaactggcggatggtggggcattatcgttattttgttaaat,6.9548397
tacaccgcgttcttgcggaacatcaccgccaggataagtaagctgcacat,7.0951567
gttgtgaatggtttcaccttctgcacatgccgcttctgccacaattcgca,7.128722
aagtgcacccaggctgcgctggcactggctgaactgtgctacaacaccct,8.538297
gaccgctatctgctgttgccaaataacccgaatatggtcattgtcgacac,7.3494673
ccctggatgtatttacccggtgattgaataatgcggtccataattgctcc,8.255074
cagcagtgccaagtgtagtaataccctcttttttcagtattttaattgct,7.2757015
cggaattcttcgtgcatgatgcggcgagcgaggcgcgagaaaatgcgcat,6.8823853
cgcatatgctgatcgcccgcagcgtgtttgttcagggttaacataatgat,6.7055645
atataaatcgtttgttgctgccacggagtaagggcatcaatatccacacc,8.1456
acatgcgcgtccggcaagccacgttgaaacgctgtgtaatactttttcat,7.093459
ctgcgcctttgccatacaacatgacggaaaccgccagcaaaataccgccc,6.8396797
actcagtggcttcaggggatgcagcagggcagcattgttatgctggcggt,7.170068
aaccggtgatattgcgccgggcgaaagcaacagcgtatatccttgaacat,6.991006
ggcgttggattcgtattgcagaatgatgttcatgtaccagaataactggc,7.7523766
ttcgccctgggttaatgatgtctgatagaacggcaacatatactggtcga,8.189169
acgtgtcggcgttcaccacgttaaactgaatatgttgtaacttaagctgg,6.83832
ctgttgcgcttcccgcaacgtgtcggcgttcaccacgttaaactgaatat,7.3762255
ggcagaacgggccggacttcaggttaccgtgggaggttaaaatggcatac,6.8355036
cctgcggctgcatttgcatttcattgagcgtttgtagcagaaaagaacct,7.3929214
gccacacttttcaggtggccttttttaataatgccagttactgttttccc,7.5937433
tattcccttaggtatgtagacgggaaaacagtaactggcattattaaaaa,7.6656046
acaactgccgcaatgtttacatcgaactcccctcaggccacacttttcag,6.795187
cacctggtcagatttggcgggcttatcttacgacggttacgatccaaccc,6.663638
gcggattcaccactgaacgggttggatcgtaaccgtcgtaagataagccc,7.2089357
gctggcaaccacatgatcgttatacaggttagcgttgtcataatcgttat,6.654764
gaagaaactgatcattgttcatctgctgggtacgcatatcaaatacaaat,6.568061
tagcggtatttgtatttgatatgcgtacccagcagatgaacaatgatcag,7.1225853
ccgggttcttttcattggcaaaggtcagcgcctgttgcaggatttcaatg,6.6933985
tatggagcctgccgcaccgtggcaattcctgaccggctattatcagtatc,6.7790184
ttcattcagtaactttgttagcgagtttagttgctgacgatactgataat,7.0971985
ggcttgtttttgataaacgtattcatggcgatcggatgcagaatcaagcc,8.603832
tgtggttgatcccggtattcctctttccgaagcggattaaaattattgcc,7.5487585
tctctactctgctacaggccattatttacatcagtggttatagtggcact,7.6788864
tgtctgcattttattcaaattctgaatataccttcagatatccttaagga,7.4592123
ttctgaaatacttctgttctaacaccctcgttttcaatatatttctgtct,7.1841335
ccgatctgccgtggattgcagagtctattcagctacggaatatttacacc,7.639121
ggtttgcgatgccggttgctccgctgtttgaaaccctcgatgatctgaac,7.05752
ttcacttccaccattttgtggatcagtgtacgacgggtaatttcggttgg,6.622941
gatcacttccgggttgctggcagcttcgcctttcggcgaaatgctgtggt,6.763012
atacagggctatcaaacgataagatggggtgtctggggtaatatgaacga,7.0648623
cgatttcgcagcatttgacgtcaccgcttttacgtggctttataaaagac,6.985158
tttacgtcattaaattcacgacgctttaaataagcgtaacttatggaaat,7.4620876
aaaaatcgccccaagtaacaccaaaggtgtaggtcggataagatgcgcaa,6.715169
cctacagttgggcatcgtttgagtcactgtcggtcggataagatgcgcaa,6.764079
atgcacgacgccatcgggcatattttgcaattgcgcgataacctgaaaga,6.89219
ggacgcgcgatccgtttacactgacggagcatgacggcaagctttacggc,6.960022
gtgccatttgatgacggtcgctggacgcgcgatccgtttacactgacgga,7.259718
ttgtttttcattgttgacacacctctggtcatgatagtatcaatattcat,7.521658
ccgcatcattgctttgcgctgaaacagtcaaagcggttatgttcatatgc,6.95576
tgggcggtggcgagaaacactacgtccacccctgggctaaactcgctgat,7.283042
agttaggtcatgttggactggcgcagccaggttcgcctaagcttatcaac,7.0082283
aaccgcacaaaacaatcaggacgcggtaatgccaggttacactcacctgc,7.8150473
ccgcaaaagttcacgttggctttagttattcgagttgagaaactctcgaa,7.3800526
tagcaatgaacgattatccctatcaagcattctgactgataattgctcac,7.340372
tcagtcagaatgcttgatagggataatcgttcattgctattctacctatc,9.185571
tcatgcagatacatttccagctttggaaaggtctggtgcagcatagggat,7.272977
acgaagtactcaatagtgttgccgccacctttctgttccataatcgcctg,6.9284267
agctgctgttcggttttgcccacagagctgatttccgggatggtgtaaat,6.9048376
tgctccgctcttcttttgccgatatccttaaccatgccgataacgtgatt,7.1515265
cccattgcagcgccttcgccgccggggccggaacctattactatggcatc,7.3893757
aatgacggggatcaattggcttacccgcgataaaatgttaccattctgtt,6.952243
gccagataaatgacggggatcaattggcttacccgcgataaaatgttacc,6.6981144
gggcttacctgttcttatacataaaagcaacagaatggtaacattttatc,6.738861
ttccgctgtacgtaaaagaaccggccaaagaattgcagtaaatatgtttt,7.0294724
tgccaaaagtactgctggcactataccagagaatgaacatactggattgc,6.9428883
aattgcagtaaatatgttttattgcgttaccgttcattcacaatactgga,7.2142467
tgcgttaccgttcattcacaatactggagcaatccagtatgttcattctc,6.8903513
gtgccggagcgttcccgcaataataaccggaaggcgttaggattattacc,8.062282
tccgcacctcggtctccacatttatggagttcatcggtaataatcctaac,8.365124
tatggagttcatcggtaataatcctaacgccttccggttattattgcggg,9.032422
ttcagcacttcattgcggaacttgcggactatctggaactcgaaaaccat,7.3368797
gcgaagtaaaacccatgccggatgcgccagcatccggcataataccgatt,7.654134
caggtagaaaacagctttacccagccgaacgcggcgatgaatattcagat,7.5261
gttctgcgccacaagttgttccagattgattacctcactacactgagtaa,6.6868763
tcaaccagttgatgacggcgatgattgcgggtgtgcgtaataatcccgtt,6.4934607
aagctatccacgcggatgcggcttttggtttgttgatcgaaaatgatgtg,6.6863174
cagaacagtatgaagcgcagttagccgaaaaagtggtacgtttgcaaagt,6.67846
catactgttctgttggaaggtgttcgggggtcatgatgtatcctgaaaaa,6.7971096
ggaattcatcaagatctggacatctgatgagcaatccctacaatcgccgc,6.7084436
tcagatgtccagatcttgatgaattcctatttgtgagctacgtctggaca,6.613693
ttgtgagctacgtctggacagtaacttgttacaacctgtagcatccactt,6.691663
ctgccggccaacgtcgcatctggttctcatcatcgcgtaatattgatgaa,6.376711
cgtcagcagcgaagcttttttaatcattgtaaagcatccacaatagaaga,6.603262
aaaacggttagcagtaacgacgagagtatccgggctggtatcctgtgccc,6.5027857
aaatttcagcagggtggggaagcaatagttatcagaactatgatgtctct,6.657508
ggataagacacgggtaacgctgttgggcgattatgcccatactcatggtt,7.1794195
agttgtaatctttgctatggctatagctggtaatgagttgtgatttaatc,6.7125597
actcattaccagctatagccatagcaaagattacaactacgatccccatt,6.6810236
gctggtttgccaggttccatgacgaccaaactgtgagttatcgtcactgc,6.659152
gtagaagccatacagttgccccagatttggtgccttataagatgtcccgt,6.781595
tttccggatatcgtaacgatgtcagtgacttgatcgattatgatgatcac,7.660242
tcgcctcgacgcccttaatccgcgctttcccttcgttgtaatatttcagg,7.541725
ccaattttgataccggaccactgacgcatactgtgagttatgattatgtc,7.2628765
atgataaggattactcatcttatccttatcaaaccgttaaaatgggcggt,6.811287
ttgcgtatccggtcacctctcacctgacagttcgtggtaaaatagccaac,7.0192213
cgttcttgcaccgcggtgacaattgccaccactcgctcaacaataaacgc,6.6565304
aagaacgttatccccttgcgctggctgtggtcgcttgcaacactgccagt,6.58879
attttaaatttcctcttgtcaggccggaataactccctataatgcgccac,7.329481
cagtgccgcttcgctttttctcagcggcgcggggtgtgcataatacgcct,6.73034
aagcaaaaataaatgcttgactctgtagcgggaaggcgtattatgcacac,7.2474537
agaatccgtatcttcgagtgcccacacagattgtctgataaattgttaaa,6.7474194
tcttcaatttaaaagtttgacgctcaaagaattaaacttcgtaatgaatt,6.983611
caaactcttcaatttaaaagtttgacgctcaaagaattaaacttcgtaat,6.986003
ccaacgcgtaaacgccttgcttttcactttctatcagacaatctgtgtga,6.537566
agctcaccctacacgaaaatatcacgcaacgcgtgataagcaattttcgt,7.003583
aacgttgcgaagcaacggcccggagggtggcgggcaggacgcccgccata,6.9640703
tgtcgtcatatctacaagccatccccccacagatacggtaaactagcctc,7.0148964
ttgtccttctgcggttgcatactgccaggcattgagtaattgttgttcgt,7.059119
attacttccttcacccagaataagaacgggttgtccttctgcggttgcat,7.0701056
tttacatgtaggagccggagaaaactggcatcgtctggtaaaatacactt,6.70177
cggctcatcacctatccagaatattggtgcttatggcgtagaattacagc,6.5425997
ggcagttaagcgcacttgcttgcctgtcgccagttcaacagaatcaacat,7.36349
ttggtgcttatggcgtagaattacagcgagtttgcgcttatgttgattct,7.942813
acaggttgccactcttttggcagacgcagacctacggctacaatagcgaa,8.685035
aacctgctgccagttttactgaaccatccgcctgggggtaatttggtgct,6.9889
cgttcgctaacagggcaatcaatttcagtggcacggtgttatccttcatg,7.472802
acgcaagctgggtgcagataaagttcgtgttaaatggcctaatgacctct,7.308015
gtgccaaacgttacagcacctgtttactcacatcttatttatgatgtgat,7.2928953
caaactgtaggtaaggcgtcattaacgtttgctcttttatactcataagc,7.820284
cagagattttttcttattattcctccccatctggtgttaccctcctgccc,7.2524767
tggggaggaataataagaaaaaatctctgccaggaagctatcgttgaaaa,7.8998356
tctctgccaggaagctatcgttgaaaagcaatgtgacagatattccatct,8.271993
caacatcattgtgctcaacaatgcgctcctgctaaaccataattcttttt,7.1979113
aggagcgcattgttgagcacaatgatgttgaaaaagtgtgctaatctgcc,7.534053
gcgcattgttgagcacaatgatgttgaaaaagtgtgctaatctgccctcc,8.77521
atgcaattttttagttgcatgaactcgcatgtctccatagaatgcgcgct,7.635742
catcaagtccggtggggttcccgagcggccaaagggagcagactgtaaat,7.120921
gcggccaaagggagcagactgtaaatctgccgtcacagacttcgaaggtt,7.0435257
tctctcgatattcagtgcagaatgaaaatcaggtagccgagttccaggat,7.2696238
cgtccgcagttctacttccgtactactgacgtgactggtaccatcgaact,8.574029
aattgccgataacatttgacgcaatgcgcactaaaagggcatcatttgat,6.929432
tcgtaccagaacctggctcatcagtgattttctttgtcataatcattgct,6.9471283
ccgcagtaatgtcactgatcctgtggggactggatggtattctggttcgc,8.105981
agcggcgatttaatcgttgcacaaggcgtgagattggaatacaatttcgc,7.423544
ttcttagtcctccactaccaggcccatggaacgtgcagtaccttcgatgg,7.01898
cgttccatgggcctggtagtggaggactaagaaatggctaaactgaccaa,9.140043
agctttagcgtttttaaccgcttcagcaacgttcggtgttacagtaccca,7.315543
tcaactgcaacacctgcacccatggtggtggagatgctaactttcttgat,6.8952103
ctgtaaactaatgcctttacgtgggcggtgattttgtctacaatcttacc,8.549628
tcagttgccgccttgccacaacccgaatatctcggatatacgtctgcatt,6.6520014
tcgcaagaaacttaatcccctgcgtagacggtgacagaacgctaagatta,6.5554304
gcttcgcgacctgctttacgcagttcagtcattttatctacagttacgcc,6.8199415
cctgaaagacgcgtttgttggtccgaccctgattgcatactctatggaac,7.3127127
tagctgcaactgcttcaatgatttgatctttagtgatagacatttaaatt,7.178501
tttcattgcgatttacacagaacggacgtcctgtcgcagtatattaagtc,6.349493
tcgtaaggattttggtaaacgtccacaagttctggatgtaccttatctcc,6.4731855
cccttcaggatcttgctcgataaatttctgaaacgagtcaagctggatag,6.721138
tcatgagcggaatttcgcccatgtagacttcttgttctttaatgtctttt,7.4163914
agttccatctgcagcttgttatcacggatttcaaagataactttttcaaa,7.46243
acatggagctgagcctggatctgctggctaagctgagccagtctggtcac,7.1786127
tgtctctgggcgatctggataccctgatgccacaggatatgatcaacgcc,6.974366
aacttggcgacctgccgacttccggtcagatccgcctgtacgatggtcgc,6.8069286
ggctccatctgatggttgccgtccacgatgtttttatacatcttggtacg,7.1597595
ccgttaagtctgatgacgtgaacggtcgtaccaagatgtataaaaacatc,6.8725033
tccttcaacgtattgttgaaagagattcgttcgctgggtatcaacatcga,6.7920856
ggtgtttcaggcgcttgtacttaccgcacaggcactcgtaatcttttacc,7.6111555
gcgcctggttgacgatggagtaaggcagacctttcggtacaatcatccac,8.209954
ttaacgtcaccaccctcgataaccggagtcatcatgataccttcatgggt,6.671605
ctggtggttaccgaagacgattgtggtacccatgaaggtatcatgatgac,6.691472
gtaactgctgaagacgttctgaagccgggtactgctgatatcctcgttcc,6.753577
cctgttcgccatcgcctttcgccagtaccgcaccgtaaggtactttgtag,6.9374065
gttaacgatggtagctttacgcagcatctgacgaacgataacttcgatgt,7.2259893
gggcaaacgcgacgaactgcgcggcctgaaagagaacgttatcgtgggtc,7.6195097
tgactgaactaattgagtcaaactcggcaaggattcgatactattcctgt,6.658801
ttttgtgaagcagtgaagagagtaggtaacccaaaagcgatactctaaag,7.178999
gccaaaatagttctttttaagtgtgtgcgcgctaagttataacggtgctg,7.765194
ggcagcgccaaaatagttctttttaagtgtgtgcgcgctaagttataacg,8.008711
atgaaagagatctgattgtaagagagtaaatactcaactatgatagagac,6.917944
atgaaaaacgcaaggttgttgaaagcgttgtgtttttttatggtagtgcc,7.675563
tgccagtaatgctgttgcagccatagcaaatgttcggcaaccatatagct,6.8297806
tcgttagcgcaaagattggaaagataaagcgggacgtagaaactaactgt,6.9791756
ccgcccatctggctcgtgaagcgttaggcacaaactggttaaaattagag,7.146122
cgccagtctgcggcttgagtaatggcgctgacgacggcgatactgccgac,7.1088257
ggtcacctcttccatcgaagaagaagtggaaaagctggtatggtccacgc,7.1564665
tgcggctgttctttgctaccgccaattagcgtcgggctaagctggatctc,6.6045895
cgtcaaacatcctgcttgagttctgcgctgttaacgcgtaatttacattc,6.8769073
cgacaagaaattagccccgcaaatggggcattgaatgtaaattacgcgtt,6.6332216
acaaaaatcatcaagggctttttcgtttagcctcatgtacgattctttgc,6.748706
agggctttttcgtttagcctcatgtacgattctttgccaggcttaatgcc,7.143754
gaagtaacaaactggttgatcgctggctacatgtacgtaagcatctgctc,6.9513903
tacgatccatagctcttgcactacctttgcatcactggcatgtttaacat,6.731043
ttcaaaaactgctcagtgagaaatgtaaaaaccatgttaaacatgccagt,6.3576794
tgccagtgatgcaaaggtagtgcaagagctatggatcgtataattgaaaa,6.640051
gccgcttcgccatatggcaattctcccttcggcaaccataatttttgttc,6.9809074
acgaggcgtacaactggcggagttttaccgatcgcataaatactgtggtt,7.087145
ccggcaagtactgtatggacaccgttacgatggcgggtatgctgggcgag,7.026079
cattttggctgttccttagtgcgtcaggcggtcagtgtatcatcactcat,7.2577963
atacggtggcgatgtgtcgggcagagtatgagtgatgatacactgaccgc,7.3638678
tatattccggtagatagcgacccgcctggcgcatcatccatactggagtg,6.9857426
agcgacataaaatcgcctgcctgggcgcgcgtggctttatattccggtag,6.5854406
gcgcgccgccgtgtgggcaataaagtcgcgttgcagggtaatatggatcc,7.036356
tacgcgccgcctgcccgcattgaagaagaagtagcgactatacttgcagg,7.947295
cgttcgtgcgctatacagcaaatcagccctaattcaggtaaactgcggat,7.051448
tgaatgtcccattcttgctctacagctgggttttctttaagctcttcatc,6.5771637
tgagcgatgaagagcttaaagaaaacccagctgtagagcaagaatgggac,6.5935698
ggcagacctgcgtgaggcgggtgagagcaatattggtataatttttcagc,6.624115
tcgtacctggagtcttccctttcgccccccgtctggtctacatttggggg,6.9030876
ttacatcaatcagttgagtcttgttcataagttatccttacaatgtgttt,6.9021177
tttgaccagcgaacaacagacagcgtggcagaaaatccataatgactttt,6.9537954
tgtgttacagcgcagggtaagcgctgataaaagatggcatgatttctgct,6.8801193
tggcggtcgtgcataatattgttgaacaacacggtggtacaattcaggtc,7.061757
tgcaaaatagtgcagtggctaatgtcatcatccaccaccagaatatcgat,6.7199907
tgatgacattagccactgcactattttgcaggctttactgcgcggctggg,7.160885
ccgcagcgatggtacttcaatcgccaccacattcaggcgatagtagagat,7.436243
tcgcgttagttctgctcgcgttcgatagcgcgccagccgatatctttccg,6.676833
cgctgggtcataccgtggcagaagcgcagaaacgcgcctatgccttaatg,6.660367
gcggagtacacgcggctcatctggcccgcgccaatgccgatagtcatatt,6.798524
agaaccataaagatgtcgcaatcgtggtgaagagcagcgactatgacgcc,7.1374846
aagagaaaaattcgcgagcgttgcgcaaacgttttcgttacaatgcgggc,6.8741064
tacattgatgattgtggataactctgtgcgtaaaaaggtataaagcgggc,7.723531
tgtgaagtgattcacatccgccgtgtcgatggaggcgcattatagggagt,7.042989
ttttctgcaatttttctattgcggcctgcggagaactccctataatgcgc,7.7485447
ctgcaatttttctattgcggcctgcggagaactccctataatgcgcctcc,8.355869
tcctgaaattcagggttgactctgaaagaggaaagcgtaatatacgccac,7.159566
tcttcaatttaaaagtttgatgctcaaagaattaaacttcgtaatgaatt,7.2972164
caaactcttcaatttaaaagtttgatgctcaaagaattaaacttcgtaat,7.1329155
aagtcatcatggcccttacgaccagggctacacacgtgctacaatggcgc,7.324066
gtttcaattttcagcttgatccagatttttaaagagcaaatatctcaaac,8.4791765
ggcatgctggaggtatcagaagtgcgaatgctgacataagtaacgataaa,7.468341
ctatcctacacatcaaggctcaatgttcagtgtcaagctatagtaaaggt,7.7013216
tggttctgaatggaagggccatcgctcaacggataaaaggtactccgggg,7.6572056
cctgatacagattaaatcagaacgcagaagcggtctgataaaacagaatt,6.7144823
atgttgaaggtgagaaagtttcaaggaaaagactacgttagaatataaga,7.435004
ccttcaacatgcaggctcgacattggcaaattttctggttatcttcagct,6.7841034
gcaacacgcccgcagagcatctgaacaacttctactgtaactttgaagat,7.459938
acatcattaaactccaccaggcccagcggcgcaccagttacaatcaaacc,7.191824
gtggctttgatgattcattcctggcaccgcattcgcgctatgctgacttt,6.711828
atttttccgcgatgtggaagccggactagacccggatgtaccgtataact,7.3003864
attaaaaatacttgataacttgttgataacaatatgaataaaatttattc,7.4959745
ttttaattaaaatggaaattgtttttgattttgcattttaaatgagtagt,7.616393
aaatggaaattgtttttgattttgcattttaaatgagtagtcttagttgt,7.1577063
aacgcaataaacttctggcagcgcgcattcagcagcagcaagatattgat,6.6618013
agcgatttatccgcttttactttgttgagcacctggttattgtgctcttc,6.8360367
ctgagcatcgaagccttgcaaaatggtttgagcaatcaataattccaggc,7.243474
atgctgtccagcaggcgatgaaaaaccgtatccatctttacgatcatcac,8.405302
gcgcctgcgctggcagaataaaagccgtgacatccattacattattcgcc,6.708273
ccactcgaccagcgctgcgggcagcggcgcataaaccataaaataagaac,6.843789
cgccgaagcgagcattgtttttggctttgcgcgttcttattttatggttt,6.5282717
cccgtgtcgcgcgcaagacttttagcggtcagaagatctacaatatcgga,6.7869005
ttgattaataacatgatcatttgaccatttcaggaggctataatctacat,8.047408
tttaaaagaagatctcgcccaaacgcgcaaacggggttattcatttgacg,7.121834
atatggcggtgcttgatcaaagcgatcacgaagcgattattatcgaccag,6.48923
atcctgcgcaatctaatggaagagtctggcgaaacggtcaatatggcggt,6.63622
cagttcagtaactattgcattagctaacaataaaaatgaaaatgatttcc,6.6791277
gttgcgtggtggtcgcttttaccacagatgcgtttatgccagtatggttt,6.593669
ggccaaaggtcagagcttcggcgtggcgcaatgagttgtaaaatgcttcg,6.394758
gcgcggcgctaatccttctactgcacgactcatcgctgcaatatgttgtg,6.3675756
gtgacgttggtgcgttcacccacgttcacaaacaggctatcttcgccaat,6.4430466
catggatatggggatcgtcaacgccgggcaactggcgatttacgacgacc,6.3491
gggcataatcttcaacctgatcgcgctgaatttgtgctacagcgtagtac,6.485214
tcaatgagtgccctgtctctttattaatatgaaacacttatactggaaac,6.7350426
gcatctttactgtgccttttgacattcgtttttccggctaagattattcc,7.607396
agcgtgtttccggtcctttggtcattcaattgcttcaggaacatataacg,7.346512
cgtattcgcgaactgctggtcgtcgcgccagaactgacgattattggtct,6.50735
cgtgagccatgtcagtaagtggttaaattcgcagtggtagcatgcctccc,7.6530504
tagttcgctcatgactattttttatcaacccaaaggtacggtatattccg,7.6273766
ctggcaatgatcatgagaaagagtatctggtgacggtcgataaaccgatt,6.903323
